{
  "Delete" : {
    "transaction" : "Delete",
    "sampleCount" : 25000,
    "errorCount" : 97,
    "errorPct" : 0.388,
    "meanResTime" : 1251.5897600000067,
    "medianResTime" : 867.0,
    "minResTime" : 403.0,
    "maxResTime" : 13515.0,
    "pct1ResTime" : 3411.0,
    "pct2ResTime" : 4096.0,
    "pct3ResTime" : 6142.980000000003,
    "throughput" : 485.26728522069953,
    "receivedKBytesPerSec" : 292.61607820931516,
    "sentKBytesPerSec" : 99.99159881012461
  },
  "New" : {
    "transaction" : "New",
    "sampleCount" : 25000,
    "errorCount" : 110,
    "errorPct" : 0.44,
    "meanResTime" : 1515.4785599999893,
    "medianResTime" : 906.0,
    "minResTime" : 404.0,
    "maxResTime" : 15568.0,
    "pct1ResTime" : 3507.0,
    "pct2ResTime" : 4863.0,
    "pct3ResTime" : 6841.970000000005,
    "throughput" : 452.05504222194094,
    "receivedKBytesPerSec" : 315.28937385291033,
    "sentKBytesPerSec" : 97.12120047737012
  },
  "Total" : {
    "transaction" : "Total",
    "sampleCount" : 75000,
    "errorCount" : 300,
    "errorPct" : 0.4,
    "meanResTime" : 1336.6644266666508,
    "medianResTime" : 728.0,
    "minResTime" : 403.0,
    "maxResTime" : 16047.0,
    "pct1ResTime" : 1996.800000000003,
    "pct2ResTime" : 3714.9500000000007,
    "pct3ResTime" : 5476.980000000003,
    "throughput" : 1335.1372521095168,
    "receivedKBytesPerSec" : 889.050198657297,
    "sentKBytesPerSec" : 287.6637524978193
  },
  "Modify" : {
    "transaction" : "Modify",
    "sampleCount" : 25000,
    "errorCount" : 93,
    "errorPct" : 0.372,
    "meanResTime" : 1242.924959999994,
    "medianResTime" : 876.0,
    "minResTime" : 403.0,
    "maxResTime" : 16047.0,
    "pct1ResTime" : 3101.9000000000015,
    "pct2ResTime" : 4050.850000000002,
    "pct3ResTime" : 6119.960000000006,
    "throughput" : 485.49345554821923,
    "receivedKBytesPerSec" : 338.4872509418573,
    "sentKBytesPerSec" : 109.46445596210238
  }
}